{
  "data_scientist": ["python", "machine learning", "data analysis", "numpy", "pandas","machine learning","scikit-learn","lensorflow","sql","jupyter","flask","git"],
  "web_developer": ["html", "css", "javascript", "react", "flask","node.js","express.js","mongodb","git","bootstrap","rest api"],
  "machine_learning_engineer":["scikit-learn","lensorflow","pytorch","ml algorithms","model evalutaion","matplotlib","pandas","numpy","python"],
  "software_engineer":["c++","java","oop"," system design","python","git","data structures","sql","software develpement"],
  "ui_ux_designer":["figma","adobe xd"," user research","wireframes","sketch","prototyping","visual design"],
  "android_developer":["java","kotlin "," android studio","firebase","xml","jetpact compose","api","sqlite","material design"],
  "cyber_security_analyst":["network security","penetration testing "," vulnerability assessment","ethical hacking","kali linux","nmap","firewalls","cryptography"],
  "cloud_engineer":["aws","azure","gcp","docker","kubernetes","linux","ci/cd"]
}